INSERT INTO DEPARTMENT (DEPARTMENT_ID, DEPARTMENT_NAME, LOCATION) VALUES (10, '総務', '東京');
INSERT INTO DEPARTMENT (DEPARTMENT_ID, DEPARTMENT_NAME, LOCATION) VALUES (20, '経理', '東京');
INSERT INTO DEPARTMENT (DEPARTMENT_ID, DEPARTMENT_NAME, LOCATION) VALUES (30, '人事', '大阪');
INSERT INTO DEPARTMENT (DEPARTMENT_ID, DEPARTMENT_NAME, LOCATION) VALUES (40, '営業', '名古屋');
INSERT INTO DEPARTMENT (DEPARTMENT_ID, DEPARTMENT_NAME, LOCATION) VALUES (50, '開発', '福岡');
INSERT INTO DEPARTMENT (DEPARTMENT_ID, DEPARTMENT_NAME, LOCATION) VALUES (60, 'サポート', '札幌');
INSERT INTO DEPARTMENT (DEPARTMENT_ID, DEPARTMENT_NAME, LOCATION) VALUES (70, '企画', '仙台');
INSERT INTO DEPARTMENT (DEPARTMENT_ID, DEPARTMENT_NAME, LOCATION) VALUES (80, 'マーケティング', '神戸');
INSERT INTO DEPARTMENT (DEPARTMENT_ID, DEPARTMENT_NAME, LOCATION) VALUES (90, '品質保証', '京都');
INSERT INTO DEPARTMENT (DEPARTMENT_ID, DEPARTMENT_NAME, LOCATION) VALUES (100, '法務', '横浜');

INSERT INTO EMPLOYEE (EMPLOYEE_ID, DEPARTMENT_ID, EMPLOYEE_NAME, EMAIL, SALARY) VALUES (1, 10, '佐藤 太郎', 'taro.sato@example.com', 420000);
INSERT INTO EMPLOYEE (EMPLOYEE_ID, DEPARTMENT_ID, EMPLOYEE_NAME, EMAIL, SALARY) VALUES (2, 20, '鈴木 花子', 'hanako.suzuki@example.com', 510000);
INSERT INTO EMPLOYEE (EMPLOYEE_ID, DEPARTMENT_ID, EMPLOYEE_NAME, EMAIL, SALARY) VALUES (3, 30, '高橋 健', 'ken.takahashi@example.com', 480000);
INSERT INTO EMPLOYEE (EMPLOYEE_ID, DEPARTMENT_ID, EMPLOYEE_NAME, EMAIL, SALARY) VALUES (4, 40, '田中 美咲', 'misaki.tanaka@example.com', 550000);
INSERT INTO EMPLOYEE (EMPLOYEE_ID, DEPARTMENT_ID, EMPLOYEE_NAME, EMAIL, SALARY) VALUES (5, 50, '伊藤 直樹', 'naoki.ito@example.com', 600000);
INSERT INTO EMPLOYEE (EMPLOYEE_ID, DEPARTMENT_ID, EMPLOYEE_NAME, EMAIL, SALARY) VALUES (6, 50, '渡辺 真央', 'mao.watanabe@example.com', 620000);
INSERT INTO EMPLOYEE (EMPLOYEE_ID, DEPARTMENT_ID, EMPLOYEE_NAME, EMAIL, SALARY) VALUES (7, 40, '山本 大輔', 'daisuke.yamamoto@example.com', 530000);
INSERT INTO EMPLOYEE (EMPLOYEE_ID, DEPARTMENT_ID, EMPLOYEE_NAME, EMAIL, SALARY) VALUES (8, 30, '中村 さくら', 'sakura.nakamura@example.com', 470000);
INSERT INTO EMPLOYEE (EMPLOYEE_ID, DEPARTMENT_ID, EMPLOYEE_NAME, EMAIL, SALARY) VALUES (9, 20, '小林 翔', 'sho.kobayashi@example.com', 520000);
INSERT INTO EMPLOYEE (EMPLOYEE_ID, DEPARTMENT_ID, EMPLOYEE_NAME, EMAIL, SALARY) VALUES (10, 10, '加藤 恵', 'megumi.kato@example.com', 450000);
INSERT INTO EMPLOYEE (EMPLOYEE_ID, DEPARTMENT_ID, EMPLOYEE_NAME, EMAIL, SALARY) VALUES (11, 60, '吉田 光', 'hikari.yoshida@example.com', 400000);
INSERT INTO EMPLOYEE (EMPLOYEE_ID, DEPARTMENT_ID, EMPLOYEE_NAME, EMAIL, SALARY) VALUES (12, 70, '佐々木 蓮', 'ren.sasaki@example.com', 460000);

INSERT INTO PROJECT (PROJECT_ID, DEPARTMENT_ID, PROJECT_NAME, START_DATE, BUDGET) VALUES (101, 50, '受注管理システム', DATE '2025-04-01', 15000000);
INSERT INTO PROJECT (PROJECT_ID, DEPARTMENT_ID, PROJECT_NAME, START_DATE, BUDGET) VALUES (102, 40, '新製品販売強化', DATE '2025-05-01', 8000000);
INSERT INTO PROJECT (PROJECT_ID, DEPARTMENT_ID, PROJECT_NAME, START_DATE, BUDGET) VALUES (103, 20, '会計自動化', DATE '2025-02-01', 6000000);
INSERT INTO PROJECT (PROJECT_ID, DEPARTMENT_ID, PROJECT_NAME, START_DATE, BUDGET) VALUES (104, 10, '社内ポータル刷新', DATE '2025-01-15', 3000000);
INSERT INTO PROJECT (PROJECT_ID, DEPARTMENT_ID, PROJECT_NAME, START_DATE, BUDGET) VALUES (105, 60, '顧客サポート改善', DATE '2025-03-10', 5000000);
INSERT INTO PROJECT (PROJECT_ID, DEPARTMENT_ID, PROJECT_NAME, START_DATE, BUDGET) VALUES (106, 70, '市場調査強化', DATE '2025-06-01', 4000000);
INSERT INTO PROJECT (PROJECT_ID, DEPARTMENT_ID, PROJECT_NAME, START_DATE, BUDGET) VALUES (107, 90, '品質監査強化', DATE '2025-07-01', 3500000);
INSERT INTO PROJECT (PROJECT_ID, DEPARTMENT_ID, PROJECT_NAME, START_DATE, BUDGET) VALUES (108, 50, '開発基盤整備', DATE '2025-03-01', 12000000);
INSERT INTO PROJECT (PROJECT_ID, DEPARTMENT_ID, PROJECT_NAME, START_DATE, BUDGET) VALUES (109, 40, '大口顧客開拓', DATE '2025-04-15', 7000000);
INSERT INTO PROJECT (PROJECT_ID, DEPARTMENT_ID, PROJECT_NAME, START_DATE, BUDGET) VALUES (110, 30, '採用強化', DATE '2025-02-20', 2000000);
